,VarA,VarB
count,100.0,100.0
mean,1.1956568317454808,0.017780510496074507
std,1.6206489459022233,0.9241907436320812
min,-3.64091572271907,-2.2759221714356435
25%,0.24703456645079663,-0.6531443484332831
50%,1.0843243457707858,0.049297851420471855
75%,2.3381349486317866,0.6152859890033787
max,5.092458152246765,2.6691493349669297
